Year,ITN_Coverage,ISO3
2000,0.0,COD
2001,3.6483429999999997,COD
2002,7.296685999999999,COD
2003,10.945028999999998,COD
2004,14.593371999999999,COD
2005,18.241715,COD
2006,21.890057999999996,COD
2007,25.538400999999997,COD
2008,29.186743999999997,COD
2009,32.835086999999994,COD
2010,36.48343,COD
2011,40.131772999999995,COD
2012,43.78011599999999,COD
2013,47.428459,COD
2014,51.076801999999994,COD
2015,54.725145,COD
2016,68.8604091,COD
2017,65.0373187,COD
2018,56.1262004,COD
2019,60.6052721,COD
2020,64.621842,COD
2021,67.4145644,COD
2022,74.8693163,COD
2023,83.8151771,COD
2024,69.8808405,COD
2000,0.0,MDG
2001,4.47746284,MDG
2002,8.95492568,MDG
2003,13.43238852,MDG
2004,17.90985136,MDG
2005,22.387314200000002,MDG
2006,26.86477704,MDG
2007,31.34223988,MDG
2008,35.81970272,MDG
2009,40.29716556,MDG
2010,44.774628400000005,MDG
2011,49.252091240000006,MDG
2012,53.72955408,MDG
2013,58.20701692,MDG
2014,62.68447976,MDG
2015,67.1619426,MDG
2016,63.3835633,MDG
2017,40.0455014,MDG
2018,63.5405639,MDG
2019,68.3963693,MDG
2020,47.4572895,MDG
2021,54.0162804,MDG
2022,71.4431529,MDG
2023,56.8879781,MDG
2024,36.7979079,MDG
2000,0.0,NPL
2001,0.0,NPL
2002,0.0,NPL
2003,0.0,NPL
2004,0.0,NPL
2005,0.0,NPL
2006,0.0,NPL
2007,0.0,NPL
2008,0.0,NPL
2009,0.0,NPL
2010,0.0,NPL
2011,0.0,NPL
2012,0.0,NPL
2013,0.0,NPL
2014,0.0,NPL
2015,0.0,NPL
2016,0.0,NPL
2017,0.0,NPL
2018,0.0,NPL
2019,0.0,NPL
2020,0.0,NPL
2021,0.0,NPL
2022,0.0,NPL
2023,0.0,NPL
2024,0.0,NPL
2000,0.0,NGA
2001,3.74768226,NGA
2002,7.49536452,NGA
2003,11.24304678,NGA
2004,14.99072904,NGA
2005,18.7384113,NGA
2006,22.48609356,NGA
2007,26.233775819999998,NGA
2008,29.98145808,NGA
2009,33.72914034,NGA
2010,37.4768226,NGA
2011,41.224504859999996,NGA
2012,44.97218712,NGA
2013,48.71986938,NGA
2014,52.467551639999996,NGA
2015,56.2152339,NGA
2016,52.9137695,NGA
2017,48.6999558,NGA
2018,49.1123607,NGA
2019,53.4771513,NGA
2020,51.986534,NGA
2021,46.5844018,NGA
2022,52.2493594,NGA
2023,55.3833918,NGA
2024,47.6913497,NGA
2000,0.0,KEN
2001,3.9758468466666668,KEN
2002,7.9516936933333335,KEN
2003,11.92754054,KEN
2004,15.903387386666667,KEN
2005,19.879234233333335,KEN
2006,23.85508108,KEN
2007,27.830927926666668,KEN
2008,31.806774773333334,KEN
2009,35.78262162,KEN
2010,39.75846846666667,KEN
2011,43.73431531333333,KEN
2012,47.71016216,KEN
2013,51.686009006666666,KEN
2014,55.661855853333336,KEN
2015,59.6377027,KEN
2016,61.4957239,KEN
2017,68.4188984,KEN
2018,68.0430073,KEN
2019,54.3618877,KEN
2020,35.8184429,KEN
2021,60.3994007,KEN
2022,59.7318315,KEN
2023,50.2299155,KEN
2024,62.18226,KEN
2000,0.0,SDN
2001,3.90582102,SDN
2002,7.81164204,SDN
2003,11.71746306,SDN
2004,15.62328408,SDN
2005,19.5291051,SDN
2006,23.43492612,SDN
2007,27.340747139999998,SDN
2008,31.24656816,SDN
2009,35.15238918,SDN
2010,39.0582102,SDN
2011,42.964031219999995,SDN
2012,46.86985224,SDN
2013,50.77567326,SDN
2014,54.681494279999995,SDN
2015,58.5873153,SDN
2016,60.4528005,SDN
2017,65.0482514,SDN
2018,63.9544196,SDN
2019,69.2442533,SDN
2020,72.7559922,SDN
2021,64.759153,SDN
2022,78.1953041,SDN
2023,79.9623317,SDN
2024,65.0466462,SDN
2000,0.0,SLV
2001,0.0,SLV
2002,0.0,SLV
2003,0.0,SLV
2004,0.0,SLV
2005,0.0,SLV
2006,0.0,SLV
2007,0.0,SLV
2008,0.0,SLV
2009,0.0,SLV
2010,0.0,SLV
2011,0.0,SLV
2012,0.0,SLV
2013,0.0,SLV
2014,0.0,SLV
2015,0.0,SLV
2016,0.0,SLV
2017,0.0,SLV
2018,0.0,SLV
2019,0.0,SLV
2020,0.0,SLV
2021,0.0,SLV
2022,0.0,SLV
2023,0.0,SLV
2024,0.0,SLV
2000,0.0,VNM
2001,0.0,VNM
2002,0.0,VNM
2003,0.0,VNM
2004,0.0,VNM
2005,0.0,VNM
2006,0.0,VNM
2007,0.0,VNM
2008,0.0,VNM
2009,0.0,VNM
2010,0.0,VNM
2011,0.0,VNM
2012,0.0,VNM
2013,0.0,VNM
2014,0.0,VNM
2015,0.0,VNM
2016,0.0,VNM
2017,0.0,VNM
2018,0.0,VNM
2019,0.0,VNM
2020,0.0,VNM
2021,0.0,VNM
2022,0.0,VNM
2023,0.0,VNM
2024,0.0,VNM
2000,0.0,DZA
2001,0.0,DZA
2002,0.0,DZA
2003,0.0,DZA
2004,0.0,DZA
2005,0.0,DZA
2006,0.0,DZA
2007,0.0,DZA
2008,0.0,DZA
2009,0.0,DZA
2010,0.0,DZA
2011,0.0,DZA
2012,0.0,DZA
2013,0.0,DZA
2014,0.0,DZA
2015,0.0,DZA
2016,0.0,DZA
2017,0.0,DZA
2018,0.0,DZA
2019,0.0,DZA
2020,0.0,DZA
2021,0.0,DZA
2022,0.0,DZA
2023,0.0,DZA
2024,0.0,DZA
2000,0.0,PER
2001,0.0,PER
2002,0.0,PER
2003,0.0,PER
2004,0.0,PER
2005,0.0,PER
2006,0.0,PER
2007,0.0,PER
2008,0.0,PER
2009,0.0,PER
2010,0.0,PER
2011,0.0,PER
2012,0.0,PER
2013,0.0,PER
2014,0.0,PER
2015,0.0,PER
2016,0.0,PER
2017,0.0,PER
2018,0.0,PER
2019,0.0,PER
2020,0.0,PER
2021,0.0,PER
2022,0.0,PER
2023,0.0,PER
2024,0.0,PER
2000,0.0,MYT
2001,0.0,MYT
2002,0.0,MYT
2003,0.0,MYT
2004,0.0,MYT
2005,0.0,MYT
2006,0.0,MYT
2007,0.0,MYT
2008,0.0,MYT
2009,0.0,MYT
2010,0.0,MYT
2011,0.0,MYT
2012,0.0,MYT
2013,0.0,MYT
2014,0.0,MYT
2015,0.0,MYT
2016,0.0,MYT
2017,0.0,MYT
2018,0.0,MYT
2019,0.0,MYT
2020,0.0,MYT
2021,0.0,MYT
2022,0.0,MYT
2023,0.0,MYT
2024,0.0,MYT
2000,0.0,COG
2001,3.5786335933333335,COG
2002,7.157267186666667,COG
2003,10.735900780000001,COG
2004,14.314534373333334,COG
2005,17.893167966666667,COG
2006,21.471801560000003,COG
2007,25.050435153333336,COG
2008,28.62906874666667,COG
2009,32.207702340000004,COG
2010,35.78633593333333,COG
2011,39.36496952666667,COG
2012,42.943603120000006,COG
2013,46.522236713333335,COG
2014,50.10087030666667,COG
2015,53.6795039,COG
2016,42.6928168,COG
2017,32.1557388,COG
2018,30.0813658,COG
2019,66.2456509,COG
2020,76.7699028,COG
2021,68.6093056,COG
2022,84.266037,COG
2023,89.1547189,COG
2024,79.2911213,COG
2000,0.0,KOR
2001,0.0,KOR
2002,0.0,KOR
2003,0.0,KOR
2004,0.0,KOR
2005,0.0,KOR
2006,0.0,KOR
2007,0.0,KOR
2008,0.0,KOR
2009,0.0,KOR
2010,0.0,KOR
2011,0.0,KOR
2012,0.0,KOR
2013,0.0,KOR
2014,0.0,KOR
2015,0.0,KOR
2016,0.0,KOR
2017,0.0,KOR
2018,0.0,KOR
2019,0.0,KOR
2020,0.0,KOR
2021,0.0,KOR
2022,0.0,KOR
2023,0.0,KOR
2024,0.0,KOR
2000,0.0,PRY
2001,0.0,PRY
2002,0.0,PRY
2003,0.0,PRY
2004,0.0,PRY
2005,0.0,PRY
2006,0.0,PRY
2007,0.0,PRY
2008,0.0,PRY
2009,0.0,PRY
2010,0.0,PRY
2011,0.0,PRY
2012,0.0,PRY
2013,0.0,PRY
2014,0.0,PRY
2015,0.0,PRY
2016,0.0,PRY
2017,0.0,PRY
2018,0.0,PRY
2019,0.0,PRY
2020,0.0,PRY
2021,0.0,PRY
2022,0.0,PRY
2023,0.0,PRY
2024,0.0,PRY
2000,0.0,GTM
2001,0.0,GTM
2002,0.0,GTM
2003,0.0,GTM
2004,0.0,GTM
2005,0.0,GTM
2006,0.0,GTM
2007,0.0,GTM
2008,0.0,GTM
2009,0.0,GTM
2010,0.0,GTM
2011,0.0,GTM
2012,0.0,GTM
2013,0.0,GTM
2014,0.0,GTM
2015,0.0,GTM
2016,0.0,GTM
2017,0.0,GTM
2018,0.0,GTM
2019,0.0,GTM
2020,0.0,GTM
2021,0.0,GTM
2022,0.0,GTM
2023,0.0,GTM
2024,0.0,GTM
2000,0.0,TUR
2001,0.0,TUR
2002,0.0,TUR
2003,0.0,TUR
2004,0.0,TUR
2005,0.0,TUR
2006,0.0,TUR
2007,0.0,TUR
2008,0.0,TUR
2009,0.0,TUR
2010,0.0,TUR
2011,0.0,TUR
2012,0.0,TUR
2013,0.0,TUR
2014,0.0,TUR
2015,0.0,TUR
2016,0.0,TUR
2017,0.0,TUR
2018,0.0,TUR
2019,0.0,TUR
2020,0.0,TUR
2021,0.0,TUR
2022,0.0,TUR
2023,0.0,TUR
2024,0.0,TUR
2000,0.0,OMN
2001,0.0,OMN
2002,0.0,OMN
2003,0.0,OMN
2004,0.0,OMN
2005,0.0,OMN
2006,0.0,OMN
2007,0.0,OMN
2008,0.0,OMN
2009,0.0,OMN
2010,0.0,OMN
2011,0.0,OMN
2012,0.0,OMN
2013,0.0,OMN
2014,0.0,OMN
2015,0.0,OMN
2016,0.0,OMN
2017,0.0,OMN
2018,0.0,OMN
2019,0.0,OMN
2020,0.0,OMN
2021,0.0,OMN
2022,0.0,OMN
2023,0.0,OMN
2024,0.0,OMN
2000,0.0,HND
2001,0.0,HND
2002,0.0,HND
2003,0.0,HND
2004,0.0,HND
2005,0.0,HND
2006,0.0,HND
2007,0.0,HND
2008,0.0,HND
2009,0.0,HND
2010,0.0,HND
2011,0.0,HND
2012,0.0,HND
2013,0.0,HND
2014,0.0,HND
2015,0.0,HND
2016,0.0,HND
2017,0.0,HND
2018,0.0,HND
2019,0.0,HND
2020,0.0,HND
2021,0.0,HND
2022,0.0,HND
2023,0.0,HND
2024,0.0,HND
2000,0.0,ZAF
2001,0.0,ZAF
2002,0.0,ZAF
2003,0.0,ZAF
2004,0.0,ZAF
2005,0.0,ZAF
2006,0.0,ZAF
2007,0.0,ZAF
2008,0.0,ZAF
2009,0.0,ZAF
2010,0.0,ZAF
2011,0.0,ZAF
2012,0.0,ZAF
2013,0.0,ZAF
2014,0.0,ZAF
2015,0.0,ZAF
2016,0.0,ZAF
2017,0.0,ZAF
2018,0.0,ZAF
2019,0.0,ZAF
2020,0.0,ZAF
2021,0.0,ZAF
2022,0.0,ZAF
2023,0.0,ZAF
2024,0.0,ZAF
2000,0.0,YEM
2001,0.0,YEM
2002,0.0,YEM
2003,0.0,YEM
2004,0.0,YEM
2005,0.0,YEM
2006,0.0,YEM
2007,0.0,YEM
2008,0.0,YEM
2009,0.0,YEM
2010,0.0,YEM
2011,0.0,YEM
2012,0.0,YEM
2013,0.0,YEM
2014,0.0,YEM
2015,0.0,YEM
2016,0.0,YEM
2017,0.0,YEM
2018,0.0,YEM
2019,0.0,YEM
2020,0.0,YEM
2021,0.0,YEM
2022,0.0,YEM
2023,0.0,YEM
2024,0.0,YEM
2000,0.0,LAO
2001,0.0,LAO
2002,0.0,LAO
2003,0.0,LAO
2004,0.0,LAO
2005,0.0,LAO
2006,0.0,LAO
2007,0.0,LAO
2008,0.0,LAO
2009,0.0,LAO
2010,0.0,LAO
2011,0.0,LAO
2012,0.0,LAO
2013,0.0,LAO
2014,0.0,LAO
2015,0.0,LAO
2016,0.0,LAO
2017,0.0,LAO
2018,0.0,LAO
2019,0.0,LAO
2020,0.0,LAO
2021,0.0,LAO
2022,0.0,LAO
2023,0.0,LAO
2024,0.0,LAO
2000,0.0,KHM
2001,0.0,KHM
2002,0.0,KHM
2003,0.0,KHM
2004,0.0,KHM
2005,0.0,KHM
2006,0.0,KHM
2007,0.0,KHM
2008,0.0,KHM
2009,0.0,KHM
2010,0.0,KHM
2011,0.0,KHM
2012,0.0,KHM
2013,0.0,KHM
2014,0.0,KHM
2015,0.0,KHM
2016,0.0,KHM
2017,0.0,KHM
2018,0.0,KHM
2019,0.0,KHM
2020,0.0,KHM
2021,0.0,KHM
2022,0.0,KHM
2023,0.0,KHM
2024,0.0,KHM
2000,0.0,MYS
2001,0.0,MYS
2002,0.0,MYS
2003,0.0,MYS
2004,0.0,MYS
2005,0.0,MYS
2006,0.0,MYS
2007,0.0,MYS
2008,0.0,MYS
2009,0.0,MYS
2010,0.0,MYS
2011,0.0,MYS
2012,0.0,MYS
2013,0.0,MYS
2014,0.0,MYS
2015,0.0,MYS
2016,0.0,MYS
2017,0.0,MYS
2018,0.0,MYS
2019,0.0,MYS
2020,0.0,MYS
2021,0.0,MYS
2022,0.0,MYS
2023,0.0,MYS
2024,0.0,MYS
2000,0.0,SAU
2001,0.0,SAU
2002,0.0,SAU
2003,0.0,SAU
2004,0.0,SAU
2005,0.0,SAU
2006,0.0,SAU
2007,0.0,SAU
2008,0.0,SAU
2009,0.0,SAU
2010,0.0,SAU
2011,0.0,SAU
2012,0.0,SAU
2013,0.0,SAU
2014,0.0,SAU
2015,0.0,SAU
2016,0.0,SAU
2017,0.0,SAU
2018,0.0,SAU
2019,0.0,SAU
2020,0.0,SAU
2021,0.0,SAU
2022,0.0,SAU
2023,0.0,SAU
2024,0.0,SAU
2000,0.0,UZB
2001,0.0,UZB
2002,0.0,UZB
2003,0.0,UZB
2004,0.0,UZB
2005,0.0,UZB
2006,0.0,UZB
2007,0.0,UZB
2008,0.0,UZB
2009,0.0,UZB
2010,0.0,UZB
2011,0.0,UZB
2012,0.0,UZB
2013,0.0,UZB
2014,0.0,UZB
2015,0.0,UZB
2016,0.0,UZB
2017,0.0,UZB
2018,0.0,UZB
2019,0.0,UZB
2020,0.0,UZB
2021,0.0,UZB
2022,0.0,UZB
2023,0.0,UZB
2024,0.0,UZB
2000,0.0,ECU
2001,0.0,ECU
2002,0.0,ECU
2003,0.0,ECU
2004,0.0,ECU
2005,0.0,ECU
2006,0.0,ECU
2007,0.0,ECU
2008,0.0,ECU
2009,0.0,ECU
2010,0.0,ECU
2011,0.0,ECU
2012,0.0,ECU
2013,0.0,ECU
2014,0.0,ECU
2015,0.0,ECU
2016,0.0,ECU
2017,0.0,ECU
2018,0.0,ECU
2019,0.0,ECU
2020,0.0,ECU
2021,0.0,ECU
2022,0.0,ECU
2023,0.0,ECU
2024,0.0,ECU
2000,0.0,AFG
2001,0.0,AFG
2002,0.0,AFG
2003,0.0,AFG
2004,0.0,AFG
2005,0.0,AFG
2006,0.0,AFG
2007,0.0,AFG
2008,0.0,AFG
2009,0.0,AFG
2010,0.0,AFG
2011,0.0,AFG
2012,0.0,AFG
2013,0.0,AFG
2014,0.0,AFG
2015,0.0,AFG
2016,0.0,AFG
2017,0.0,AFG
2018,0.0,AFG
2019,0.0,AFG
2020,0.0,AFG
2021,0.0,AFG
2022,0.0,AFG
2023,0.0,AFG
2024,0.0,AFG
2000,0.0,NIC
2001,0.0,NIC
2002,0.0,NIC
2003,0.0,NIC
2004,0.0,NIC
2005,0.0,NIC
2006,0.0,NIC
2007,0.0,NIC
2008,0.0,NIC
2009,0.0,NIC
2010,0.0,NIC
2011,0.0,NIC
2012,0.0,NIC
2013,0.0,NIC
2014,0.0,NIC
2015,0.0,NIC
2016,0.0,NIC
2017,0.0,NIC
2018,0.0,NIC
2019,0.0,NIC
2020,0.0,NIC
2021,0.0,NIC
2022,0.0,NIC
2023,0.0,NIC
2024,0.0,NIC
2000,0.0,CAF
2001,3.8813176866666668,CAF
2002,7.7626353733333335,CAF
2003,11.643953060000001,CAF
2004,15.525270746666667,CAF
2005,19.406588433333333,CAF
2006,23.287906120000002,CAF
2007,27.16922380666667,CAF
2008,31.050541493333334,CAF
2009,34.931859180000004,CAF
2010,38.813176866666666,CAF
2011,42.694494553333335,CAF
2012,46.575812240000005,CAF
2013,50.45712992666667,CAF
2014,54.33844761333334,CAF
2015,58.2197653,CAF
2016,60.9968889,CAF
2017,60.4848766,CAF
2018,63.3090348,CAF
2019,58.0516875,CAF
2020,71.5187577,CAF
2021,73.5812007,CAF
2022,72.7453142,CAF
2023,85.4446898,CAF
2024,81.8609887,CAF
2000,0.0,THA
2001,0.0,THA
2002,0.0,THA
2003,0.0,THA
2004,0.0,THA
2005,0.0,THA
2006,0.0,THA
2007,0.0,THA
2008,0.0,THA
2009,0.0,THA
2010,0.0,THA
2011,0.0,THA
2012,0.0,THA
2013,0.0,THA
2014,0.0,THA
2015,0.0,THA
2016,0.0,THA
2017,0.0,THA
2018,0.0,THA
2019,0.0,THA
2020,0.0,THA
2021,0.0,THA
2022,0.0,THA
2023,0.0,THA
2024,0.0,THA
2000,0.0,ARG
2001,0.0,ARG
2002,0.0,ARG
2003,0.0,ARG
2004,0.0,ARG
2005,0.0,ARG
2006,0.0,ARG
2007,0.0,ARG
2008,0.0,ARG
2009,0.0,ARG
2010,0.0,ARG
2011,0.0,ARG
2012,0.0,ARG
2013,0.0,ARG
2014,0.0,ARG
2015,0.0,ARG
2016,0.0,ARG
2017,0.0,ARG
2018,0.0,ARG
2019,0.0,ARG
2020,0.0,ARG
2021,0.0,ARG
2022,0.0,ARG
2023,0.0,ARG
2024,0.0,ARG
2000,0.0,MEX
2001,0.0,MEX
2002,0.0,MEX
2003,0.0,MEX
2004,0.0,MEX
2005,0.0,MEX
2006,0.0,MEX
2007,0.0,MEX
2008,0.0,MEX
2009,0.0,MEX
2010,0.0,MEX
2011,0.0,MEX
2012,0.0,MEX
2013,0.0,MEX
2014,0.0,MEX
2015,0.0,MEX
2016,0.0,MEX
2017,0.0,MEX
2018,0.0,MEX
2019,0.0,MEX
2020,0.0,MEX
2021,0.0,MEX
2022,0.0,MEX
2023,0.0,MEX
2024,0.0,MEX
2000,0.0,BEN
2001,4.32563686,BEN
2002,8.65127372,BEN
2003,12.976910580000002,BEN
2004,17.30254744,BEN
2005,21.6281843,BEN
2006,25.953821160000004,BEN
2007,30.279458020000003,BEN
2008,34.60509488,BEN
2009,38.930731740000006,BEN
2010,43.2563686,BEN
2011,47.582005460000005,BEN
2012,51.90764232000001,BEN
2013,56.233279180000004,BEN
2014,60.55891604000001,BEN
2015,64.8845529,BEN
2016,27.7790794,BEN
2017,55.5878266,BEN
2018,59.2876644,BEN
2019,28.1699332,BEN
2020,70.1584159,BEN
2021,65.5226618,BEN
2022,30.2502221,BEN
2023,64.33974,BEN
2024,60.5152165,BEN
2000,0.0,COL
2001,0.0,COL
2002,0.0,COL
2003,0.0,COL
2004,0.0,COL
2005,0.0,COL
2006,0.0,COL
2007,0.0,COL
2008,0.0,COL
2009,0.0,COL
2010,0.0,COL
2011,0.0,COL
2012,0.0,COL
2013,0.0,COL
2014,0.0,COL
2015,0.0,COL
2016,0.0,COL
2017,0.0,COL
2018,0.0,COL
2019,0.0,COL
2020,0.0,COL
2021,0.0,COL
2022,0.0,COL
2023,0.0,COL
2024,0.0,COL
2000,0.0,GUY
2001,0.0,GUY
2002,0.0,GUY
2003,0.0,GUY
2004,0.0,GUY
2005,0.0,GUY
2006,0.0,GUY
2007,0.0,GUY
2008,0.0,GUY
2009,0.0,GUY
2010,0.0,GUY
2011,0.0,GUY
2012,0.0,GUY
2013,0.0,GUY
2014,0.0,GUY
2015,0.0,GUY
2016,0.0,GUY
2017,0.0,GUY
2018,0.0,GUY
2019,0.0,GUY
2020,0.0,GUY
2021,0.0,GUY
2022,0.0,GUY
2023,0.0,GUY
2024,0.0,GUY
2000,0.0,HTI
2001,0.0,HTI
2002,0.0,HTI
2003,0.0,HTI
2004,0.0,HTI
2005,0.0,HTI
2006,0.0,HTI
2007,0.0,HTI
2008,0.0,HTI
2009,0.0,HTI
2010,0.0,HTI
2011,0.0,HTI
2012,0.0,HTI
2013,0.0,HTI
2014,0.0,HTI
2015,0.0,HTI
2016,0.0,HTI
2017,0.0,HTI
2018,0.0,HTI
2019,0.0,HTI
2020,0.0,HTI
2021,0.0,HTI
2022,0.0,HTI
2023,0.0,HTI
2024,0.0,HTI
2000,0.0,AGO
2001,1.4194212,AGO
2002,2.8388424,AGO
2003,4.258263599999999,AGO
2004,5.6776848,AGO
2005,7.097106,AGO
2006,8.516527199999999,AGO
2007,9.9359484,AGO
2008,11.3553696,AGO
2009,12.7747908,AGO
2010,14.194212,AGO
2011,15.613633199999999,AGO
2012,17.033054399999997,AGO
2013,18.4524756,AGO
2014,19.8718968,AGO
2015,21.291318,AGO
2016,22.3908187,AGO
2017,29.6656106,AGO
2018,33.2941172,AGO
2019,42.1165964,AGO
2020,28.0356924,AGO
2021,11.6333981,AGO
2022,29.5837273,AGO
2023,26.4348656,AGO
2024,10.2103755,AGO
2000,0.0,MAR
2001,0.0,MAR
2002,0.0,MAR
2003,0.0,MAR
2004,0.0,MAR
2005,0.0,MAR
2006,0.0,MAR
2007,0.0,MAR
2008,0.0,MAR
2009,0.0,MAR
2010,0.0,MAR
2011,0.0,MAR
2012,0.0,MAR
2013,0.0,MAR
2014,0.0,MAR
2015,0.0,MAR
2016,0.0,MAR
2017,0.0,MAR
2018,0.0,MAR
2019,0.0,MAR
2020,0.0,MAR
2021,0.0,MAR
2022,0.0,MAR
2023,0.0,MAR
2024,0.0,MAR
2000,0.0,LBR
2001,4.141762253333334,LBR
2002,8.283524506666668,LBR
2003,12.425286760000002,LBR
2004,16.567049013333335,LBR
2005,20.708811266666668,LBR
2006,24.850573520000005,LBR
2007,28.992335773333338,LBR
2008,33.13409802666667,LBR
2009,37.27586028,LBR
2010,41.417622533333336,LBR
2011,45.55938478666667,LBR
2012,49.70114704000001,LBR
2013,53.84290929333334,LBR
2014,57.984671546666675,LBR
2015,62.1264338,LBR
2016,61.6485652,LBR
2017,24.3439472,LBR
2018,48.9204368,LBR
2019,61.0580619,LBR
2020,22.3779912,LBR
2021,52.8673421,LBR
2022,62.5137759,LBR
2023,61.252657,LBR
2024,75.0286218,LBR
2000,0.0,BFA
2001,3.433440566666667,BFA
2002,6.866881133333334,BFA
2003,10.300321700000001,BFA
2004,13.733762266666668,BFA
2005,17.167202833333334,BFA
2006,20.600643400000003,BFA
2007,24.034083966666667,BFA
2008,27.467524533333336,BFA
2009,30.900965100000004,BFA
2010,34.33440566666667,BFA
2011,37.76784623333334,BFA
2012,41.201286800000005,BFA
2013,44.634727366666674,BFA
2014,48.068167933333335,BFA
2015,51.5016085,BFA
2016,71.9961556,BFA
2017,69.1730218,BFA
2018,49.3007728,BFA
2019,37.857235,BFA
2020,36.5192763,BFA
2021,53.2662892,BFA
2022,84.4403608,BFA
2023,83.6825022,BFA
2024,61.3797808,BFA
2000,0.0,SEN
2001,4.08032958,SEN
2002,8.16065916,SEN
2003,12.240988739999999,SEN
2004,16.32131832,SEN
2005,20.4016479,SEN
2006,24.481977479999998,SEN
2007,28.56230706,SEN
2008,32.64263664,SEN
2009,36.722966219999996,SEN
2010,40.8032958,SEN
2011,44.88362538,SEN
2012,48.963954959999995,SEN
2013,53.04428454,SEN
2014,57.12461412,SEN
2015,61.2049437,SEN
2016,71.7473112,SEN
2017,75.3059717,SEN
2018,58.508071,SEN
2019,68.3415555,SEN
2020,72.0425094,SEN
2021,48.3951246,SEN
2022,61.5271495,SEN
2023,60.5496613,SEN
2024,32.6940609,SEN
2000,0.0,SLB
2001,0.0,SLB
2002,0.0,SLB
2003,0.0,SLB
2004,0.0,SLB
2005,0.0,SLB
2006,0.0,SLB
2007,0.0,SLB
2008,0.0,SLB
2009,0.0,SLB
2010,0.0,SLB
2011,0.0,SLB
2012,0.0,SLB
2013,0.0,SLB
2014,0.0,SLB
2015,0.0,SLB
2016,0.0,SLB
2017,0.0,SLB
2018,0.0,SLB
2019,0.0,SLB
2020,0.0,SLB
2021,0.0,SLB
2022,0.0,SLB
2023,0.0,SLB
2024,0.0,SLB
2000,0.0,DJI
2001,0.4167983466666667,DJI
2002,0.8335966933333334,DJI
2003,1.2503950400000001,DJI
2004,1.6671933866666668,DJI
2005,2.0839917333333338,DJI
2006,2.5007900800000002,DJI
2007,2.9175884266666667,DJI
2008,3.3343867733333337,DJI
2009,3.7511851200000006,DJI
2010,4.1679834666666675,DJI
2011,4.584781813333334,DJI
2012,5.0015801600000005,DJI
2013,5.418378506666667,DJI
2014,5.8351768533333335,DJI
2015,6.2519752,DJI
2016,6.3424049,DJI
2017,19.6255128,DJI
2018,29.567738,DJI
2019,37.9915628,DJI
2020,38.0417641,DJI
2021,20.2309918,DJI
2022,28.6561165,DJI
2023,26.5374744,DJI
2024,14.0006145,DJI
2000,0.0,AZE
2001,0.0,AZE
2002,0.0,AZE
2003,0.0,AZE
2004,0.0,AZE
2005,0.0,AZE
2006,0.0,AZE
2007,0.0,AZE
2008,0.0,AZE
2009,0.0,AZE
2010,0.0,AZE
2011,0.0,AZE
2012,0.0,AZE
2013,0.0,AZE
2014,0.0,AZE
2015,0.0,AZE
2016,0.0,AZE
2017,0.0,AZE
2018,0.0,AZE
2019,0.0,AZE
2020,0.0,AZE
2021,0.0,AZE
2022,0.0,AZE
2023,0.0,AZE
2024,0.0,AZE
2000,0.0,TZA
2001,2.96696398,TZA
2002,5.93392796,TZA
2003,8.900891940000001,TZA
2004,11.86785592,TZA
2005,14.8348199,TZA
2006,17.801783880000002,TZA
2007,20.76874786,TZA
2008,23.73571184,TZA
2009,26.70267582,TZA
2010,29.6696398,TZA
2011,32.63660378,TZA
2012,35.603567760000004,TZA
2013,38.57053174,TZA
2014,41.53749572,TZA
2015,44.5044597,TZA
2016,65.2778703,TZA
2017,66.3277375,TZA
2018,59.8767049,TZA
2019,55.3089074,TZA
2020,63.9309914,TZA
2021,64.1230336,TZA
2022,58.7192848,TZA
2023,63.7767681,TZA
2024,65.9742048,TZA
2000,0.0,MRT
2001,0.34178031999999997,MRT
2002,0.6835606399999999,MRT
2003,1.0253409599999999,MRT
2004,1.3671212799999999,MRT
2005,1.7089016,MRT
2006,2.0506819199999997,MRT
2007,2.39246224,MRT
2008,2.7342425599999998,MRT
2009,3.0760228799999996,MRT
2010,3.4178032,MRT
2011,3.7595835199999996,MRT
2012,4.101363839999999,MRT
2013,4.443144159999999,MRT
2014,4.78492448,MRT
2015,5.1267048,MRT
2016,7.3219641,MRT
2017,30.0450107,MRT
2018,37.0116549,MRT
2019,15.4456045,MRT
2020,25.4680386,MRT
2021,44.4037319,MRT
2022,10.4950202,MRT
2023,39.2775982,MRT
2024,36.5277149,MRT
2000,0.0,PHL
2001,0.0,PHL
2002,0.0,PHL
2003,0.0,PHL
2004,0.0,PHL
2005,0.0,PHL
2006,0.0,PHL
2007,0.0,PHL
2008,0.0,PHL
2009,0.0,PHL
2010,0.0,PHL
2011,0.0,PHL
2012,0.0,PHL
2013,0.0,PHL
2014,0.0,PHL
2015,0.0,PHL
2016,0.0,PHL
2017,0.0,PHL
2018,0.0,PHL
2019,0.0,PHL
2020,0.0,PHL
2021,0.0,PHL
2022,0.0,PHL
2023,0.0,PHL
2024,0.0,PHL
2000,0.0,IDN
2001,0.0,IDN
2002,0.0,IDN
2003,0.0,IDN
2004,0.0,IDN
2005,0.0,IDN
2006,0.0,IDN
2007,0.0,IDN
2008,0.0,IDN
2009,0.0,IDN
2010,0.0,IDN
2011,0.0,IDN
2012,0.0,IDN
2013,0.0,IDN
2014,0.0,IDN
2015,0.0,IDN
2016,0.0,IDN
2017,0.0,IDN
2018,0.0,IDN
2019,0.0,IDN
2020,0.0,IDN
2021,0.0,IDN
2022,0.0,IDN
2023,0.0,IDN
2024,0.0,IDN
2000,0.0,BRA
2001,0.0,BRA
2002,0.0,BRA
2003,0.0,BRA
2004,0.0,BRA
2005,0.0,BRA
2006,0.0,BRA
2007,0.0,BRA
2008,0.0,BRA
2009,0.0,BRA
2010,0.0,BRA
2011,0.0,BRA
2012,0.0,BRA
2013,0.0,BRA
2014,0.0,BRA
2015,0.0,BRA
2016,0.0,BRA
2017,0.0,BRA
2018,0.0,BRA
2019,0.0,BRA
2020,0.0,BRA
2021,0.0,BRA
2022,0.0,BRA
2023,0.0,BRA
2024,0.0,BRA
2000,0.0,MLI
2001,3.8915616,MLI
2002,7.7831232,MLI
2003,11.674684800000001,MLI
2004,15.5662464,MLI
2005,19.457808,MLI
2006,23.349369600000003,MLI
2007,27.240931200000002,MLI
2008,31.1324928,MLI
2009,35.024054400000004,MLI
2010,38.915616,MLI
2011,42.8071776,MLI
2012,46.698739200000006,MLI
2013,50.5903008,MLI
2014,54.481862400000004,MLI
2015,58.373424,MLI
2016,60.1553105,MLI
2017,60.8929794,MLI
2018,67.06277,MLI
2019,71.8995007,MLI
2020,79.8347506,MLI
2021,72.691274,MLI
2022,59.4698305,MLI
2023,74.0343085,MLI
2024,76.6186446,MLI
2000,0.0,SWZ
2001,0.0,SWZ
2002,0.0,SWZ
2003,0.0,SWZ
2004,0.0,SWZ
2005,0.0,SWZ
2006,0.0,SWZ
2007,0.0,SWZ
2008,0.0,SWZ
2009,0.0,SWZ
2010,0.0,SWZ
2011,0.0,SWZ
2012,0.0,SWZ
2013,0.0,SWZ
2014,0.0,SWZ
2015,0.0,SWZ
2016,0.0,SWZ
2017,0.0,SWZ
2018,0.0,SWZ
2019,0.0,SWZ
2020,0.0,SWZ
2021,0.0,SWZ
2022,0.0,SWZ
2023,0.0,SWZ
2024,0.0,SWZ
2000,0.0,SUR
2001,0.0,SUR
2002,0.0,SUR
2003,0.0,SUR
2004,0.0,SUR
2005,0.0,SUR
2006,0.0,SUR
2007,0.0,SUR
2008,0.0,SUR
2009,0.0,SUR
2010,0.0,SUR
2011,0.0,SUR
2012,0.0,SUR
2013,0.0,SUR
2014,0.0,SUR
2015,0.0,SUR
2016,0.0,SUR
2017,0.0,SUR
2018,0.0,SUR
2019,0.0,SUR
2020,0.0,SUR
2021,0.0,SUR
2022,0.0,SUR
2023,0.0,SUR
2024,0.0,SUR
2000,0.0,GAB
2001,1.3411511266666667,GAB
2002,2.6823022533333334,GAB
2003,4.02345338,GAB
2004,5.364604506666667,GAB
2005,6.705755633333333,GAB
2006,8.04690676,GAB
2007,9.388057886666667,GAB
2008,10.729209013333334,GAB
2009,12.07036014,GAB
2010,13.411511266666666,GAB
2011,14.752662393333333,GAB
2012,16.09381352,GAB
2013,17.434964646666668,GAB
2014,18.776115773333334,GAB
2015,20.1172669,GAB
2016,21.2919104,GAB
2017,20.4937233,GAB
2018,16.8302152,GAB
2019,14.6183829,GAB
2020,13.6472167,GAB
2021,13.2332838,GAB
2022,13.3831919,GAB
2023,12.3871867,GAB
2024,11.6236926,GAB
2000,0.0,ZMB
2001,3.965296133333333,ZMB
2002,7.930592266666666,ZMB
2003,11.8958884,ZMB
2004,15.861184533333333,ZMB
2005,19.826480666666665,ZMB
2006,23.7917768,ZMB
2007,27.757072933333333,ZMB
2008,31.722369066666666,ZMB
2009,35.6876652,ZMB
2010,39.65296133333333,ZMB
2011,43.61825746666666,ZMB
2012,47.5835536,ZMB
2013,51.548849733333334,ZMB
2014,55.51414586666667,ZMB
2015,59.479442,ZMB
2016,35.7106412,ZMB
2017,69.4250613,ZMB
2018,64.987344,ZMB
2019,41.316271,ZMB
2020,51.5406911,ZMB
2021,49.2046847,ZMB
2022,25.6497408,ZMB
2023,67.0106817,ZMB
2024,70.6588986,ZMB
2000,0.0,VEN
2001,0.0,VEN
2002,0.0,VEN
2003,0.0,VEN
2004,0.0,VEN
2005,0.0,VEN
2006,0.0,VEN
2007,0.0,VEN
2008,0.0,VEN
2009,0.0,VEN
2010,0.0,VEN
2011,0.0,VEN
2012,0.0,VEN
2013,0.0,VEN
2014,0.0,VEN
2015,0.0,VEN
2016,0.0,VEN
2017,0.0,VEN
2018,0.0,VEN
2019,0.0,VEN
2020,0.0,VEN
2021,0.0,VEN
2022,0.0,VEN
2023,0.0,VEN
2024,0.0,VEN
2000,0.0,GNB
2001,4.334384033333333,GNB
2002,8.668768066666667,GNB
2003,13.003152100000001,GNB
2004,17.337536133333334,GNB
2005,21.671920166666666,GNB
2006,26.006304200000002,GNB
2007,30.340688233333335,GNB
2008,34.67507226666667,GNB
2009,39.009456300000004,GNB
2010,43.34384033333333,GNB
2011,47.67822436666667,GNB
2012,52.012608400000005,GNB
2013,56.346992433333334,GNB
2014,60.68137646666667,GNB
2015,65.0157605,GNB
2016,35.8026258,GNB
2017,46.1483111,GNB
2018,43.1809982,GNB
2019,29.4551353,GNB
2020,23.4327865,GNB
2021,22.0551933,GNB
2022,30.5517879,GNB
2023,34.8919623,GNB
2024,35.540325,GNB
2000,0.0,CPV
2001,0.0,CPV
2002,0.0,CPV
2003,0.0,CPV
2004,0.0,CPV
2005,0.0,CPV
2006,0.0,CPV
2007,0.0,CPV
2008,0.0,CPV
2009,0.0,CPV
2010,0.0,CPV
2011,0.0,CPV
2012,0.0,CPV
2013,0.0,CPV
2014,0.0,CPV
2015,0.0,CPV
2016,0.0,CPV
2017,0.0,CPV
2018,0.0,CPV
2019,0.0,CPV
2020,0.0,CPV
2021,0.0,CPV
2022,0.0,CPV
2023,0.0,CPV
2024,0.0,CPV
2000,0.0,GIN
2001,2.787700813333333,GIN
2002,5.575401626666666,GIN
2003,8.363102439999999,GIN
2004,11.150803253333333,GIN
2005,13.938504066666667,GIN
2006,16.726204879999997,GIN
2007,19.51390569333333,GIN
2008,22.301606506666666,GIN
2009,25.08930732,GIN
2010,27.877008133333334,GIN
2011,30.664708946666664,GIN
2012,33.452409759999995,GIN
2013,36.24011057333333,GIN
2014,39.02781138666666,GIN
2015,41.8155122,GIN
2016,49.9856666,GIN
2017,50.6563746,GIN
2018,30.1717408,GIN
2019,71.9278969,GIN
2020,76.3364888,GIN
2021,50.1903078,GIN
2022,73.3151229,GIN
2023,75.621405,GIN
2024,53.0686276,GIN
2000,0.0,PRK
2001,0.0,PRK
2002,0.0,PRK
2003,0.0,PRK
2004,0.0,PRK
2005,0.0,PRK
2006,0.0,PRK
2007,0.0,PRK
2008,0.0,PRK
2009,0.0,PRK
2010,0.0,PRK
2011,0.0,PRK
2012,0.0,PRK
2013,0.0,PRK
2014,0.0,PRK
2015,0.0,PRK
2016,0.0,PRK
2017,0.0,PRK
2018,0.0,PRK
2019,0.0,PRK
2020,0.0,PRK
2021,0.0,PRK
2022,0.0,PRK
2023,0.0,PRK
2024,0.0,PRK
2000,0.0,BWA
2001,0.0,BWA
2002,0.0,BWA
2003,0.0,BWA
2004,0.0,BWA
2005,0.0,BWA
2006,0.0,BWA
2007,0.0,BWA
2008,0.0,BWA
2009,0.0,BWA
2010,0.0,BWA
2011,0.0,BWA
2012,0.0,BWA
2013,0.0,BWA
2014,0.0,BWA
2015,0.0,BWA
2016,0.0,BWA
2017,0.0,BWA
2018,0.0,BWA
2019,0.0,BWA
2020,0.0,BWA
2021,0.0,BWA
2022,0.0,BWA
2023,0.0,BWA
2024,0.0,BWA
2000,0.0,PAK
2001,0.0,PAK
2002,0.0,PAK
2003,0.0,PAK
2004,0.0,PAK
2005,0.0,PAK
2006,0.0,PAK
2007,0.0,PAK
2008,0.0,PAK
2009,0.0,PAK
2010,0.0,PAK
2011,0.0,PAK
2012,0.0,PAK
2013,0.0,PAK
2014,0.0,PAK
2015,0.0,PAK
2016,0.0,PAK
2017,0.0,PAK
2018,0.0,PAK
2019,0.0,PAK
2020,0.0,PAK
2021,0.0,PAK
2022,0.0,PAK
2023,0.0,PAK
2024,0.0,PAK
2000,0.0,MMR
2001,0.0,MMR
2002,0.0,MMR
2003,0.0,MMR
2004,0.0,MMR
2005,0.0,MMR
2006,0.0,MMR
2007,0.0,MMR
2008,0.0,MMR
2009,0.0,MMR
2010,0.0,MMR
2011,0.0,MMR
2012,0.0,MMR
2013,0.0,MMR
2014,0.0,MMR
2015,0.0,MMR
2016,0.0,MMR
2017,0.0,MMR
2018,0.0,MMR
2019,0.0,MMR
2020,0.0,MMR
2021,0.0,MMR
2022,0.0,MMR
2023,0.0,MMR
2024,0.0,MMR
2000,0.0,VUT
2001,0.0,VUT
2002,0.0,VUT
2003,0.0,VUT
2004,0.0,VUT
2005,0.0,VUT
2006,0.0,VUT
2007,0.0,VUT
2008,0.0,VUT
2009,0.0,VUT
2010,0.0,VUT
2011,0.0,VUT
2012,0.0,VUT
2013,0.0,VUT
2014,0.0,VUT
2015,0.0,VUT
2016,0.0,VUT
2017,0.0,VUT
2018,0.0,VUT
2019,0.0,VUT
2020,0.0,VUT
2021,0.0,VUT
2022,0.0,VUT
2023,0.0,VUT
2024,0.0,VUT
2000,0.0,CHN
2001,0.0,CHN
2002,0.0,CHN
2003,0.0,CHN
2004,0.0,CHN
2005,0.0,CHN
2006,0.0,CHN
2007,0.0,CHN
2008,0.0,CHN
2009,0.0,CHN
2010,0.0,CHN
2011,0.0,CHN
2012,0.0,CHN
2013,0.0,CHN
2014,0.0,CHN
2015,0.0,CHN
2016,0.0,CHN
2017,0.0,CHN
2018,0.0,CHN
2019,0.0,CHN
2020,0.0,CHN
2021,0.0,CHN
2022,0.0,CHN
2023,0.0,CHN
2024,0.0,CHN
2000,0.0,GEO
2001,0.0,GEO
2002,0.0,GEO
2003,0.0,GEO
2004,0.0,GEO
2005,0.0,GEO
2006,0.0,GEO
2007,0.0,GEO
2008,0.0,GEO
2009,0.0,GEO
2010,0.0,GEO
2011,0.0,GEO
2012,0.0,GEO
2013,0.0,GEO
2014,0.0,GEO
2015,0.0,GEO
2016,0.0,GEO
2017,0.0,GEO
2018,0.0,GEO
2019,0.0,GEO
2020,0.0,GEO
2021,0.0,GEO
2022,0.0,GEO
2023,0.0,GEO
2024,0.0,GEO
2000,0.0,GNQ
2001,1.97659852,GNQ
2002,3.95319704,GNQ
2003,5.9297955600000005,GNQ
2004,7.90639408,GNQ
2005,9.8829926,GNQ
2006,11.859591120000001,GNQ
2007,13.83618964,GNQ
2008,15.81278816,GNQ
2009,17.78938668,GNQ
2010,19.7659852,GNQ
2011,21.74258372,GNQ
2012,23.719182240000002,GNQ
2013,25.69578076,GNQ
2014,27.67237928,GNQ
2015,29.6489778,GNQ
2016,39.6682623,GNQ
2017,41.1587956,GNQ
2018,45.3598531,GNQ
2019,44.617246,GNQ
2020,38.9916196,GNQ
2021,32.95688,GNQ
2022,27.7411781,GNQ
2023,28.1919591,GNQ
2024,29.7864716,GNQ
2000,0.0,BTN
2001,0.0,BTN
2002,0.0,BTN
2003,0.0,BTN
2004,0.0,BTN
2005,0.0,BTN
2006,0.0,BTN
2007,0.0,BTN
2008,0.0,BTN
2009,0.0,BTN
2010,0.0,BTN
2011,0.0,BTN
2012,0.0,BTN
2013,0.0,BTN
2014,0.0,BTN
2015,0.0,BTN
2016,0.0,BTN
2017,0.0,BTN
2018,0.0,BTN
2019,0.0,BTN
2020,0.0,BTN
2021,0.0,BTN
2022,0.0,BTN
2023,0.0,BTN
2024,0.0,BTN
2000,0.0,SOM
2001,1.0040493066666667,SOM
2002,2.0080986133333334,SOM
2003,3.0121479200000003,SOM
2004,4.016197226666667,SOM
2005,5.020246533333333,SOM
2006,6.024295840000001,SOM
2007,7.028345146666667,SOM
2008,8.032394453333334,SOM
2009,9.036443760000001,SOM
2010,10.040493066666667,SOM
2011,11.044542373333334,SOM
2012,12.048591680000001,SOM
2013,13.052640986666667,SOM
2014,14.056690293333334,SOM
2015,15.0607396,SOM
2016,16.924662,SOM
2017,25.3787931,SOM
2018,25.7252086,SOM
2019,20.9686565,SOM
2020,23.7571907,SOM
2021,22.9426283,SOM
2022,32.3685062,SOM
2023,33.6876243,SOM
2024,25.937714,SOM
2000,0.0,ETH
2001,2.6828561933333335,ETH
2002,5.365712386666667,ETH
2003,8.048568580000001,ETH
2004,10.731424773333334,ETH
2005,13.414280966666666,ETH
2006,16.097137160000003,ETH
2007,18.779993353333335,ETH
2008,21.462849546666668,ETH
2009,24.14570574,ETH
2010,26.828561933333333,ETH
2011,29.51141812666667,ETH
2012,32.194274320000005,ETH
2013,34.877130513333334,ETH
2014,37.55998670666667,ETH
2015,40.2428429,ETH
2016,32.664229,ETH
2017,18.6068068,ETH
2018,22.2791034,ETH
2019,34.5264216,ETH
2020,28.6662086,ETH
2021,19.5132411,ETH
2022,22.660472,ETH
2023,31.7621472,ETH
2024,22.4046951,ETH
2000,0.0,ERI
2001,2.1863588133333334,ERI
2002,4.372717626666667,ERI
2003,6.55907644,ERI
2004,8.745435253333333,ERI
2005,10.931794066666667,ERI
2006,13.11815288,ERI
2007,15.304511693333334,ERI
2008,17.490870506666667,ERI
2009,19.677229320000002,ERI
2010,21.863588133333334,ERI
2011,24.049946946666665,ERI
2012,26.23630576,ERI
2013,28.422664573333336,ERI
2014,30.609023386666667,ERI
2015,32.7953822,ERI
2016,30.158745,ERI
2017,55.2379794,ERI
2018,63.1982274,ERI
2019,56.6749031,ERI
2020,55.7618127,ERI
2021,52.2527253,ERI
2022,44.9796164,ERI
2023,41.2759958,ERI
2024,38.9724616,ERI
2000,0.0,IRN
2001,0.0,IRN
2002,0.0,IRN
2003,0.0,IRN
2004,0.0,IRN
2005,0.0,IRN
2006,0.0,IRN
2007,0.0,IRN
2008,0.0,IRN
2009,0.0,IRN
2010,0.0,IRN
2011,0.0,IRN
2012,0.0,IRN
2013,0.0,IRN
2014,0.0,IRN
2015,0.0,IRN
2016,0.0,IRN
2017,0.0,IRN
2018,0.0,IRN
2019,0.0,IRN
2020,0.0,IRN
2021,0.0,IRN
2022,0.0,IRN
2023,0.0,IRN
2024,0.0,IRN
2000,0.0,BOL
2001,0.0,BOL
2002,0.0,BOL
2003,0.0,BOL
2004,0.0,BOL
2005,0.0,BOL
2006,0.0,BOL
2007,0.0,BOL
2008,0.0,BOL
2009,0.0,BOL
2010,0.0,BOL
2011,0.0,BOL
2012,0.0,BOL
2013,0.0,BOL
2014,0.0,BOL
2015,0.0,BOL
2016,0.0,BOL
2017,0.0,BOL
2018,0.0,BOL
2019,0.0,BOL
2020,0.0,BOL
2021,0.0,BOL
2022,0.0,BOL
2023,0.0,BOL
2024,0.0,BOL
2000,0.0,IRQ
2001,0.0,IRQ
2002,0.0,IRQ
2003,0.0,IRQ
2004,0.0,IRQ
2005,0.0,IRQ
2006,0.0,IRQ
2007,0.0,IRQ
2008,0.0,IRQ
2009,0.0,IRQ
2010,0.0,IRQ
2011,0.0,IRQ
2012,0.0,IRQ
2013,0.0,IRQ
2014,0.0,IRQ
2015,0.0,IRQ
2016,0.0,IRQ
2017,0.0,IRQ
2018,0.0,IRQ
2019,0.0,IRQ
2020,0.0,IRQ
2021,0.0,IRQ
2022,0.0,IRQ
2023,0.0,IRQ
2024,0.0,IRQ
2000,0.0,KGZ
2001,0.0,KGZ
2002,0.0,KGZ
2003,0.0,KGZ
2004,0.0,KGZ
2005,0.0,KGZ
2006,0.0,KGZ
2007,0.0,KGZ
2008,0.0,KGZ
2009,0.0,KGZ
2010,0.0,KGZ
2011,0.0,KGZ
2012,0.0,KGZ
2013,0.0,KGZ
2014,0.0,KGZ
2015,0.0,KGZ
2016,0.0,KGZ
2017,0.0,KGZ
2018,0.0,KGZ
2019,0.0,KGZ
2020,0.0,KGZ
2021,0.0,KGZ
2022,0.0,KGZ
2023,0.0,KGZ
2024,0.0,KGZ
2000,0.0,BDI
2001,4.261429513333334,BDI
2002,8.522859026666668,BDI
2003,12.784288540000002,BDI
2004,17.045718053333335,BDI
2005,21.307147566666668,BDI
2006,25.568577080000004,BDI
2007,29.830006593333337,BDI
2008,34.09143610666667,BDI
2009,38.35286562,BDI
2010,42.614295133333336,BDI
2011,46.87572464666667,BDI
2012,51.13715416000001,BDI
2013,55.39858367333334,BDI
2014,59.660013186666674,BDI
2015,63.9214427,BDI
2016,37.9089046,BDI
2017,59.9687955,BDI
2018,71.4383027,BDI
2019,76.8106758,BDI
2020,70.0442916,BDI
2021,44.7978852,BDI
2022,65.1934948,BDI
2023,66.7656054,BDI
2024,39.5970732,BDI
2000,0.0,TGO
2001,5.219896373333333,TGO
2002,10.439792746666665,TGO
2003,15.659689119999998,TGO
2004,20.87958549333333,TGO
2005,26.099481866666665,TGO
2006,31.319378239999995,TGO
2007,36.539274613333326,TGO
2008,41.75917098666666,TGO
2009,46.979067359999995,TGO
2010,52.19896373333333,TGO
2011,57.418860106666656,TGO
2012,62.63875647999999,TGO
2013,67.85865285333333,TGO
2014,73.07854922666665,TGO
2015,78.2984456,TGO
2016,62.8058091,TGO
2017,78.5244218,TGO
2018,80.9681186,TGO
2019,69.5749373,TGO
2020,61.0207481,TGO
2021,55.5439621,TGO
2022,57.6186933,TGO
2023,87.1137704,TGO
2024,95.50827,TGO
2000,0.0,TCD
2001,1.9179405333333333,TCD
2002,3.8358810666666665,TCD
2003,5.7538216,TCD
2004,7.671762133333333,TCD
2005,9.589702666666666,TCD
2006,11.5076432,TCD
2007,13.425583733333333,TCD
2008,15.343524266666666,TCD
2009,17.2614648,TCD
2010,19.17940533333333,TCD
2011,21.097345866666664,TCD
2012,23.0152864,TCD
2013,24.933226933333334,TCD
2014,26.851167466666666,TCD
2015,28.769108,TCD
2016,10.9444193,TCD
2017,52.3437628,TCD
2018,47.9910699,TCD
2019,20.124726,TCD
2020,59.6126781,TCD
2021,55.2656347,TCD
2022,23.0457153,TCD
2023,60.2545095,TCD
2024,57.6232157,TCD
2000,0.0,BLZ
2001,0.0,BLZ
2002,0.0,BLZ
2003,0.0,BLZ
2004,0.0,BLZ
2005,0.0,BLZ
2006,0.0,BLZ
2007,0.0,BLZ
2008,0.0,BLZ
2009,0.0,BLZ
2010,0.0,BLZ
2011,0.0,BLZ
2012,0.0,BLZ
2013,0.0,BLZ
2014,0.0,BLZ
2015,0.0,BLZ
2016,0.0,BLZ
2017,0.0,BLZ
2018,0.0,BLZ
2019,0.0,BLZ
2020,0.0,BLZ
2021,0.0,BLZ
2022,0.0,BLZ
2023,0.0,BLZ
2024,0.0,BLZ
2000,0.0,MOZ
2001,3.8485218933333334,MOZ
2002,7.697043786666667,MOZ
2003,11.54556568,MOZ
2004,15.394087573333334,MOZ
2005,19.242609466666668,MOZ
2006,23.09113136,MOZ
2007,26.939653253333333,MOZ
2008,30.788175146666667,MOZ
2009,34.63669704,MOZ
2010,38.485218933333336,MOZ
2011,42.33374082666667,MOZ
2012,46.18226272,MOZ
2013,50.03078461333333,MOZ
2014,53.879306506666666,MOZ
2015,57.7278284,MOZ
2016,52.1917158,MOZ
2017,70.945036,MOZ
2018,65.2305304,MOZ
2019,51.6830931,MOZ
2020,70.7907984,MOZ
2021,63.4062272,MOZ
2022,49.7215975,MOZ
2023,60.9028419,MOZ
2024,58.9618582,MOZ
2000,0.0,PAN
2001,0.0,PAN
2002,0.0,PAN
2003,0.0,PAN
2004,0.0,PAN
2005,0.0,PAN
2006,0.0,PAN
2007,0.0,PAN
2008,0.0,PAN
2009,0.0,PAN
2010,0.0,PAN
2011,0.0,PAN
2012,0.0,PAN
2013,0.0,PAN
2014,0.0,PAN
2015,0.0,PAN
2016,0.0,PAN
2017,0.0,PAN
2018,0.0,PAN
2019,0.0,PAN
2020,0.0,PAN
2021,0.0,PAN
2022,0.0,PAN
2023,0.0,PAN
2024,0.0,PAN
2000,0.0,IND
2001,0.0,IND
2002,0.0,IND
2003,0.0,IND
2004,0.0,IND
2005,0.0,IND
2006,0.0,IND
2007,0.0,IND
2008,0.0,IND
2009,0.0,IND
2010,0.0,IND
2011,0.0,IND
2012,0.0,IND
2013,0.0,IND
2014,0.0,IND
2015,0.0,IND
2016,0.0,IND
2017,0.0,IND
2018,0.0,IND
2019,0.0,IND
2020,0.0,IND
2021,0.0,IND
2022,0.0,IND
2023,0.0,IND
2024,0.0,IND
2000,0.0,BGD
2001,0.0,BGD
2002,0.0,BGD
2003,0.0,BGD
2004,0.0,BGD
2005,0.0,BGD
2006,0.0,BGD
2007,0.0,BGD
2008,0.0,BGD
2009,0.0,BGD
2010,0.0,BGD
2011,0.0,BGD
2012,0.0,BGD
2013,0.0,BGD
2014,0.0,BGD
2015,0.0,BGD
2016,0.0,BGD
2017,0.0,BGD
2018,0.0,BGD
2019,0.0,BGD
2020,0.0,BGD
2021,0.0,BGD
2022,0.0,BGD
2023,0.0,BGD
2024,0.0,BGD
2000,0.0,NER
2001,3.998049893333333,NER
2002,7.996099786666666,NER
2003,11.99414968,NER
2004,15.992199573333332,NER
2005,19.990249466666665,NER
2006,23.98829936,NER
2007,27.98634925333333,NER
2008,31.984399146666664,NER
2009,35.98244904,NER
2010,39.98049893333333,NER
2011,43.97854882666666,NER
2012,47.97659872,NER
2013,51.97464861333333,NER
2014,55.97269850666666,NER
2015,59.9707484,NER
2016,65.7773007,NER
2017,66.9338091,NER
2018,70.8225806,NER
2019,65.9587934,NER
2020,72.2761435,NER
2021,73.1695933,NER
2022,84.8477157,NER
2023,87.9397601,NER
2024,94.1619431,NER
2000,0.0,ARM
2001,0.0,ARM
2002,0.0,ARM
2003,0.0,ARM
2004,0.0,ARM
2005,0.0,ARM
2006,0.0,ARM
2007,0.0,ARM
2008,0.0,ARM
2009,0.0,ARM
2010,0.0,ARM
2011,0.0,ARM
2012,0.0,ARM
2013,0.0,ARM
2014,0.0,ARM
2015,0.0,ARM
2016,0.0,ARM
2017,0.0,ARM
2018,0.0,ARM
2019,0.0,ARM
2020,0.0,ARM
2021,0.0,ARM
2022,0.0,ARM
2023,0.0,ARM
2024,0.0,ARM
2000,0.0,COM
2001,4.009232966666667,COM
2002,8.018465933333333,COM
2003,12.0276989,COM
2004,16.036931866666666,COM
2005,20.046164833333332,COM
2006,24.0553978,COM
2007,28.064630766666667,COM
2008,32.07386373333333,COM
2009,36.0830967,COM
2010,40.092329666666664,COM
2011,44.10156263333333,COM
2012,48.1107956,COM
2013,52.12002856666667,COM
2014,56.129261533333334,COM
2015,60.1384945,COM
2016,76.6232411,COM
2017,80.1863252,COM
2018,66.1432965,COM
2019,47.2144546,COM
2020,69.6136183,COM
2021,76.5082749,COM
2022,61.4959015,COM
2023,48.7717545,COM
2024,37.3949326,COM
2000,0.0,SSD
2001,1.2557066066666667,SSD
2002,2.5114132133333333,SSD
2003,3.76711982,SSD
2004,5.022826426666667,SSD
2005,6.278533033333334,SSD
2006,7.53423964,SSD
2007,8.789946246666666,SSD
2008,10.045652853333333,SSD
2009,11.30135946,SSD
2010,12.557066066666668,SSD
2011,13.812772673333333,SSD
2012,15.06847928,SSD
2013,16.324185886666665,SSD
2014,17.579892493333332,SSD
2015,18.8355991,SSD
2016,50.6740878,SSD
2017,59.0212745,SSD
2018,46.3885894,SSD
2019,40.1267956,SSD
2020,64.9418656,SSD
2021,67.2315386,SSD
2022,53.755979,SSD
2023,75.0860093,SSD
2024,65.3613846,SSD
2000,0.0,CRI
2001,0.0,CRI
2002,0.0,CRI
2003,0.0,CRI
2004,0.0,CRI
2005,0.0,CRI
2006,0.0,CRI
2007,0.0,CRI
2008,0.0,CRI
2009,0.0,CRI
2010,0.0,CRI
2011,0.0,CRI
2012,0.0,CRI
2013,0.0,CRI
2014,0.0,CRI
2015,0.0,CRI
2016,0.0,CRI
2017,0.0,CRI
2018,0.0,CRI
2019,0.0,CRI
2020,0.0,CRI
2021,0.0,CRI
2022,0.0,CRI
2023,0.0,CRI
2024,0.0,CRI
2000,0.0,NAM
2001,0.0,NAM
2002,0.0,NAM
2003,0.0,NAM
2004,0.0,NAM
2005,0.0,NAM
2006,0.0,NAM
2007,0.0,NAM
2008,0.0,NAM
2009,0.0,NAM
2010,0.0,NAM
2011,0.0,NAM
2012,0.0,NAM
2013,0.0,NAM
2014,0.0,NAM
2015,0.0,NAM
2016,0.0,NAM
2017,0.0,NAM
2018,0.0,NAM
2019,0.0,NAM
2020,0.0,NAM
2021,0.0,NAM
2022,0.0,NAM
2023,0.0,NAM
2024,0.0,NAM
2000,0.0,SYR
2001,0.0,SYR
2002,0.0,SYR
2003,0.0,SYR
2004,0.0,SYR
2005,0.0,SYR
2006,0.0,SYR
2007,0.0,SYR
2008,0.0,SYR
2009,0.0,SYR
2010,0.0,SYR
2011,0.0,SYR
2012,0.0,SYR
2013,0.0,SYR
2014,0.0,SYR
2015,0.0,SYR
2016,0.0,SYR
2017,0.0,SYR
2018,0.0,SYR
2019,0.0,SYR
2020,0.0,SYR
2021,0.0,SYR
2022,0.0,SYR
2023,0.0,SYR
2024,0.0,SYR
2000,0.0,TLS
2001,0.0,TLS
2002,0.0,TLS
2003,0.0,TLS
2004,0.0,TLS
2005,0.0,TLS
2006,0.0,TLS
2007,0.0,TLS
2008,0.0,TLS
2009,0.0,TLS
2010,0.0,TLS
2011,0.0,TLS
2012,0.0,TLS
2013,0.0,TLS
2014,0.0,TLS
2015,0.0,TLS
2016,0.0,TLS
2017,0.0,TLS
2018,0.0,TLS
2019,0.0,TLS
2020,0.0,TLS
2021,0.0,TLS
2022,0.0,TLS
2023,0.0,TLS
2024,0.0,TLS
2000,0.0,TKM
2001,0.0,TKM
2002,0.0,TKM
2003,0.0,TKM
2004,0.0,TKM
2005,0.0,TKM
2006,0.0,TKM
2007,0.0,TKM
2008,0.0,TKM
2009,0.0,TKM
2010,0.0,TKM
2011,0.0,TKM
2012,0.0,TKM
2013,0.0,TKM
2014,0.0,TKM
2015,0.0,TKM
2016,0.0,TKM
2017,0.0,TKM
2018,0.0,TKM
2019,0.0,TKM
2020,0.0,TKM
2021,0.0,TKM
2022,0.0,TKM
2023,0.0,TKM
2024,0.0,TKM
2000,0.0,CIV
2001,5.071748413333333,CIV
2002,10.143496826666667,CIV
2003,15.21524524,CIV
2004,20.286993653333333,CIV
2005,25.358742066666665,CIV
2006,30.43049048,CIV
2007,35.502238893333335,CIV
2008,40.573987306666666,CIV
2009,45.64573572,CIV
2010,50.71748413333333,CIV
2011,55.78923254666667,CIV
2012,60.86098096,CIV
2013,65.93272937333333,CIV
2014,71.00447778666667,CIV
2015,76.0762262,CIV
2016,61.3552244,CIV
2017,69.0370556,CIV
2018,76.6170807,CIV
2019,61.3655394,CIV
2020,43.805857,CIV
2021,66.0251215,CIV
2022,61.3895664,CIV
2023,48.5934138,CIV
2024,36.8969147,CIV
2000,0.0,CMR
2001,3.7086846533333335,CMR
2002,7.417369306666667,CMR
2003,11.12605396,CMR
2004,14.834738613333334,CMR
2005,18.543423266666668,CMR
2006,22.25210792,CMR
2007,25.960792573333336,CMR
2008,29.669477226666668,CMR
2009,33.37816188,CMR
2010,37.086846533333336,CMR
2011,40.79553118666667,CMR
2012,44.50421584,CMR
2013,48.212900493333336,CMR
2014,51.92158514666667,CMR
2015,55.6302698,CMR
2016,70.1471687,CMR
2017,71.3248096,CMR
2018,62.845134,CMR
2019,70.0188686,CMR
2020,70.2240787,CMR
2021,61.3669968,CMR
2022,67.8753951,CMR
2023,72.9430715,CMR
2024,67.9065861,CMR
2000,0.0,RWA
2001,4.10162356,RWA
2002,8.20324712,RWA
2003,12.30487068,RWA
2004,16.40649424,RWA
2005,20.5081178,RWA
2006,24.60974136,RWA
2007,28.71136492,RWA
2008,32.81298848,RWA
2009,36.91461204,RWA
2010,41.0162356,RWA
2011,45.11785916,RWA
2012,49.21948272,RWA
2013,53.32110628,RWA
2014,57.42272984,RWA
2015,61.5243534,RWA
2016,62.2388803,RWA
2017,68.9066473,RWA
2018,59.5613019,RWA
2019,38.1541178,RWA
2020,60.9124877,RWA
2021,67.3479382,RWA
2022,69.3947896,RWA
2023,69.850113,RWA
2024,51.3001278,RWA
2000,0.0,STP
2001,0.0,STP
2002,0.0,STP
2003,0.0,STP
2004,0.0,STP
2005,0.0,STP
2006,0.0,STP
2007,0.0,STP
2008,0.0,STP
2009,0.0,STP
2010,0.0,STP
2011,0.0,STP
2012,0.0,STP
2013,0.0,STP
2014,0.0,STP
2015,0.0,STP
2016,0.0,STP
2017,0.0,STP
2018,0.0,STP
2019,0.0,STP
2020,0.0,STP
2021,0.0,STP
2022,0.0,STP
2023,0.0,STP
2024,0.0,STP
2000,0.0,TJK
2001,0.0,TJK
2002,0.0,TJK
2003,0.0,TJK
2004,0.0,TJK
2005,0.0,TJK
2006,0.0,TJK
2007,0.0,TJK
2008,0.0,TJK
2009,0.0,TJK
2010,0.0,TJK
2011,0.0,TJK
2012,0.0,TJK
2013,0.0,TJK
2014,0.0,TJK
2015,0.0,TJK
2016,0.0,TJK
2017,0.0,TJK
2018,0.0,TJK
2019,0.0,TJK
2020,0.0,TJK
2021,0.0,TJK
2022,0.0,TJK
2023,0.0,TJK
2024,0.0,TJK
2000,0.0,SLE
2001,4.485706333333334,SLE
2002,8.971412666666668,SLE
2003,13.457119000000002,SLE
2004,17.942825333333335,SLE
2005,22.428531666666668,SLE
2006,26.914238000000005,SLE
2007,31.399944333333337,SLE
2008,35.88565066666667,SLE
2009,40.371357,SLE
2010,44.857063333333336,SLE
2011,49.34276966666667,SLE
2012,53.82847600000001,SLE
2013,58.31418233333334,SLE
2014,62.799888666666675,SLE
2015,67.285595,SLE
2016,41.578415,SLE
2017,68.4906853,SLE
2018,71.6456807,SLE
2019,49.7518751,SLE
2020,72.3877496,SLE
2021,74.9011721,SLE
2022,59.7750611,SLE
2023,78.9562125,SLE
2024,84.9978598,SLE
2000,0.0,GMB
2001,3.54712262,GMB
2002,7.09424524,GMB
2003,10.64136786,GMB
2004,14.18849048,GMB
2005,17.735613100000002,GMB
2006,21.28273572,GMB
2007,24.82985834,GMB
2008,28.37698096,GMB
2009,31.92410358,GMB
2010,35.471226200000004,GMB
2011,39.01834882,GMB
2012,42.56547144,GMB
2013,46.11259406,GMB
2014,49.65971668,GMB
2015,53.2068393,GMB
2016,28.5207839,GMB
2017,54.466046,GMB
2018,61.3118116,GMB
2019,61.4717551,GMB
2020,54.0600257,GMB
2021,53.6548353,GMB
2022,85.0558749,GMB
2023,91.0738217,GMB
2024,74.1699442,GMB
2000,0.0,ZWE
2001,3.1187307200000003,ZWE
2002,6.237461440000001,ZWE
2003,9.35619216,ZWE
2004,12.474922880000001,ZWE
2005,15.593653600000001,ZWE
2006,18.71238432,ZWE
2007,21.83111504,ZWE
2008,24.949845760000002,ZWE
2009,28.068576480000004,ZWE
2010,31.187307200000003,ZWE
2011,34.30603792,ZWE
2012,37.42476864,ZWE
2013,40.543499360000006,ZWE
2014,43.66223008,ZWE
2015,46.7809608,ZWE
2016,48.2963177,ZWE
2017,46.1274084,ZWE
2018,41.5859261,ZWE
2019,45.3499497,ZWE
2020,45.5440123,ZWE
2021,45.5116034,ZWE
2022,56.8179197,ZWE
2023,59.6039439,ZWE
2024,54.1719499,ZWE
2000,0.0,GUF
2001,0.0,GUF
2002,0.0,GUF
2003,0.0,GUF
2004,0.0,GUF
2005,0.0,GUF
2006,0.0,GUF
2007,0.0,GUF
2008,0.0,GUF
2009,0.0,GUF
2010,0.0,GUF
2011,0.0,GUF
2012,0.0,GUF
2013,0.0,GUF
2014,0.0,GUF
2015,0.0,GUF
2016,0.0,GUF
2017,0.0,GUF
2018,0.0,GUF
2019,0.0,GUF
2020,0.0,GUF
2021,0.0,GUF
2022,0.0,GUF
2023,0.0,GUF
2024,0.0,GUF
2000,0.0,GHA
2001,4.662293766666666,GHA
2002,9.324587533333332,GHA
2003,13.986881299999999,GHA
2004,18.649175066666665,GHA
2005,23.31146883333333,GHA
2006,27.973762599999997,GHA
2007,32.636056366666665,GHA
2008,37.29835013333333,GHA
2009,41.960643899999994,GHA
2010,46.62293766666666,GHA
2011,51.28523143333333,GHA
2012,55.947525199999994,GHA
2013,60.60981896666666,GHA
2014,65.27211273333333,GHA
2015,69.9344065,GHA
2016,71.3369914,GHA
2017,64.0377978,GHA
2018,79.0463948,GHA
2019,77.3790621,GHA
2020,64.0956632,GHA
2021,76.7644302,GHA
2022,79.2887985,GHA
2023,68.0065342,GHA
2024,73.990384,GHA
2000,0.0,LKA
2001,0.0,LKA
2002,0.0,LKA
2003,0.0,LKA
2004,0.0,LKA
2005,0.0,LKA
2006,0.0,LKA
2007,0.0,LKA
2008,0.0,LKA
2009,0.0,LKA
2010,0.0,LKA
2011,0.0,LKA
2012,0.0,LKA
2013,0.0,LKA
2014,0.0,LKA
2015,0.0,LKA
2016,0.0,LKA
2017,0.0,LKA
2018,0.0,LKA
2019,0.0,LKA
2020,0.0,LKA
2021,0.0,LKA
2022,0.0,LKA
2023,0.0,LKA
2024,0.0,LKA
2000,0.0,MWI
2001,2.0220894,MWI
2002,4.0441788,MWI
2003,6.0662682,MWI
2004,8.0883576,MWI
2005,10.110447,MWI
2006,12.1325364,MWI
2007,14.1546258,MWI
2008,16.1767152,MWI
2009,18.1988046,MWI
2010,20.220894,MWI
2011,22.2429834,MWI
2012,24.2650728,MWI
2013,26.2871622,MWI
2014,28.3092516,MWI
2015,30.331341,MWI
2016,63.472606,MWI
2017,62.1627485,MWI
2018,73.6783737,MWI
2019,71.8197842,MWI
2020,41.7414878,MWI
2021,58.6536939,MWI
2022,62.0429017,MWI
2023,46.4054232,MWI
2024,36.7046284,MWI
2000,0.0,DOM
2001,0.0,DOM
2002,0.0,DOM
2003,0.0,DOM
2004,0.0,DOM
2005,0.0,DOM
2006,0.0,DOM
2007,0.0,DOM
2008,0.0,DOM
2009,0.0,DOM
2010,0.0,DOM
2011,0.0,DOM
2012,0.0,DOM
2013,0.0,DOM
2014,0.0,DOM
2015,0.0,DOM
2016,0.0,DOM
2017,0.0,DOM
2018,0.0,DOM
2019,0.0,DOM
2020,0.0,DOM
2021,0.0,DOM
2022,0.0,DOM
2023,0.0,DOM
2024,0.0,DOM
2000,0.0,PNG
2001,0.0,PNG
2002,0.0,PNG
2003,0.0,PNG
2004,0.0,PNG
2005,0.0,PNG
2006,0.0,PNG
2007,0.0,PNG
2008,0.0,PNG
2009,0.0,PNG
2010,0.0,PNG
2011,0.0,PNG
2012,0.0,PNG
2013,0.0,PNG
2014,0.0,PNG
2015,0.0,PNG
2016,0.0,PNG
2017,0.0,PNG
2018,0.0,PNG
2019,0.0,PNG
2020,0.0,PNG
2021,0.0,PNG
2022,0.0,PNG
2023,0.0,PNG
2024,0.0,PNG
2000,0.0,UGA
2001,4.544479126666667,UGA
2002,9.088958253333335,UGA
2003,13.633437380000002,UGA
2004,18.17791650666667,UGA
2005,22.722395633333335,UGA
2006,27.266874760000004,UGA
2007,31.811353886666673,UGA
2008,36.35583301333334,UGA
2009,40.900312140000004,UGA
2010,45.44479126666667,UGA
2011,49.98927039333334,UGA
2012,54.53374952000001,UGA
2013,59.07822864666667,UGA
2014,63.622707773333346,UGA
2015,68.1671869,UGA
2016,65.7681749,UGA
2017,84.1275733,UGA
2018,81.2076024,UGA
2019,60.5814947,UGA
2020,72.9914927,UGA
2021,75.034428,UGA
2022,55.8047676,UGA
2023,76.2225617,UGA
2024,79.7948388,UGA
